<?xml version="1.0" encoding="UTF-8"?>
<beans xmlns="http://www.springframework.org/schema/beans"
	xmlns:xsi="http://www.w3.org/2001/XMLSchema-instance"
	xmlns:int="http://www.springframework.org/schema/integration"
	xmlns:int-http="http://www.springframework.org/schema/integration/http"
	xsi:schemaLocation="http://www.springframework.org/schema/integration http://www.springframework.org/schema/integration/spring-integration.xsd
		http://www.springframework.org/schema/beans http://www.springframework.org/schema/beans/spring-beans.xsd
		http://www.springframework.org/schema/integration/http http://www.springframework.org/schema/integration/http/spring-integration-http.xsd">
  
  <bean id="vendorHandler" class="standalone.VendorHandler"></bean>
	<int:inbound-channel-adapter channel="quakeinfotrigger.channel" expression="''"  >
		<int:poller fixed-delay="600000"></int:poller>
		
	</int:inbound-channel-adapter>
	
	<int:channel id="quakeinfo.channel" >
		<int:queue capacity="10"/>
	</int:channel>

	<int:channel id="quakeinfotrigger.channel"></int:channel>	

	<int-http:outbound-gateway id="quakerHttpGateway"
	    request-channel="quakeinfotrigger.channel"
	    url="https://restcountries.eu/rest/v2/all"
	    http-method="GET"
	    expected-response-type="java.lang.String"
	    charset="UTF-8"
	    reply-timeout="5000"
	    reply-channel="quakeinfo.channel">	    
	</int-http:outbound-gateway>
	

</beans>
