<?xml version="1.0" encoding="UTF-8"?>
<beans xmlns="http://www.springframework.org/schema/beans"
	xmlns:batch="http://www.springframework.org/schema/batch" xmlns:xsi="http://www.w3.org/2001/XMLSchema-instance"
	xsi:schemaLocation="http://www.springframework.org/schema/batch   
 http://www.springframework.org/schema/batch/spring-batch-2.2.xsd   
 http://www.springframework.org/schema/beans    
 http://www.springframework.org/schema/beans/spring-beans-3.2.xsd  ">
	<import resource="context.xml" />
	<!-- Defining a bean -->
	<bean id="initialtasklet" class="com.cts.tasklet.ClaimTask">
		<property name="claimId" value="37567346" />
	</bean>
	<bean id="secondarytasklet" class="com.cts.tasklet.ClaimTask">
		<property name="claimId" value="12345678" />
	</bean>
	<!-- Defining a job -->
	<batch:job id="claimJob">
		<!-- Defining a Step -->
		<batch:step id="step1" next="step2">
			<tasklet ref="initialtasklet" />
		</batch:step>
		<batch:step id="step2">
			<tasklet ref="secondarytasklet" />
		</batch:step>
	</batch:job>
</beans>