<?xml version="1.0" encoding="UTF-8"?>
<data>
	<claim>
		<claimId>1</claimId>
		<doc>2017/2/2</doc>
		<amount>24832</amount>
		<policyHolderName>Neelam</policyHolderName>

	</claim>

	<claim>
		<claimId>2</claimId>
		<doc>2017/2/2</doc>
		<amount>24820</amount>
		<policyHolderName>Neelam</policyHolderName>

	</claim>

	<claim>
		<claimId>3</claimId>
		<doc>2017/3/2</doc>
		<amount>24830</amount>
		<policyHolderName>Singh</policyHolderName>

	</claim>

	<claim>
		<claimId>4</claimId>
		<doc>2017/4/2</doc>
		<amount>24840</amount>
		<policyHolderName>Ravi</policyHolderName>

	</claim>

	<claim>
		<claimId>5</claimId>
		<doc>2017/5/2</doc>
		<amount>24850</amount>
		<policyHolderName>Ranjan</policyHolderName>

	</claim>
	
		<claim>
		<claimId>6</claimId>
		<doc>2017/2/2</doc>
		<amount>24832</amount>
		<policyHolderName>Neelam</policyHolderName>

	</claim>

	<claim>
		<claimId>7</claimId>
		<doc>2017/2/2</doc>
		<amount>24820</amount>
		<policyHolderName>Neelam</policyHolderName>

	</claim>

	<claim>
		<claimId>8</claimId>
		<doc>2017/3/2</doc>
		<amount>24830</amount>
		<policyHolderName>Singh</policyHolderName>

	</claim>

	<claim>
		<claimId>9</claimId>
		<doc>2017/4/2</doc>
		<amount>24840</amount>
		<policyHolderName>Ravi</policyHolderName>

	</claim>

	<claim>
		<claimId>10</claimId>
		<doc>2017/5/2</doc>
		<amount>24850</amount>
		<policyHolderName>Ranjan</policyHolderName>

	</claim>
		<claim>
		<claimId>11</claimId>
		<doc>2017/3/2</doc>
		<amount>24830</amount>
		<policyHolderName>Singh</policyHolderName>

	</claim>

	<claim>
		<claimId>12</claimId>
		<doc>2017/4/2</doc>
		<amount>24840</amount>
		<policyHolderName>Ravi</policyHolderName>

	</claim>

	<claim>
		<claimId>13</claimId>
		<doc>2017/5/2</doc>
		<amount>24850</amount>
		<policyHolderName>Ranjan</policyHolderName>

	</claim>
</data>