<?xml version="1.0" encoding="UTF-8"?>
<beans xmlns="http://www.springframework.org/schema/beans"
	xmlns:batch="http://www.springframework.org/schema/batch" xmlns:xsi="http://www.w3.org/2001/XMLSchema-instance"
	xmlns:util="http://www.springframework.org/schema/util"
	xsi:schemaLocation="http://www.springframework.org/schema/batch   
 http://www.springframework.org/schema/batch/spring-batch-2.2.xsd   
 http://www.springframework.org/schema/beans    
 http://www.springframework.org/schema/beans/spring-beans-3.2.xsd 
 http://www.springframework.org/schema/util     
      http://www.springframework.org/schema/util/spring-util-3.0.xsd  ">
	<import resource="context.xml" />
	<!-- Defining a bean -->
	<bean id="itemProcessor" class="com.cts.hc.processes.Claimprocessor" />
	<bean id="chunkListner" class="com.cts.hc.listeners.ClientChunkListener" />
	<bean id="stepListner" class="com.cts.hc.listeners.ClientStepListener" />
	<bean id="jobListener" class="com.cts.hc.listeners.ClientJobListener" />


	<batch:job id="xmlJob">
		<!-- step1 to read data from xml and write it into DB -->
		<batch:step id="step1" next="step2">
			<batch:tasklet>
				<batch:chunk reader="xmlItemReader" writer="mysqlItemWriter"
					processor="itemProcessor" commit-interval="2">
					<batch:listeners>
						<batch:listener ref="chunkListner">
						</batch:listener>
					</batch:listeners>
				</batch:chunk>
			</batch:tasklet>
			<batch:listeners>
				<batch:listener ref="stepListner" />
			</batch:listeners>
		</batch:step>
		<!-- step2 to read data from DB and write it into CSV -->
		<batch:step id="step2">
			<batch:tasklet>
				<batch:chunk reader="databaseItemReader" writer="flatFileItemWriter"
					processor="itemProcessor" commit-interval="2" />
			</batch:tasklet>
		</batch:step>

		<batch:listeners>
			<batch:listener ref="jobListener" />
		</batch:listeners>

	</batch:job>
	<!-- ItemReader which reads from database and returns the row mapped by 
		rowMapper -->
	<bean id="databaseItemReader"
		class="org.springframework.batch.item.database.JdbcCursorItemReader"
		scope="step">

		<property name="dataSource" ref="dataSource" />

		<property name="sql"
			value="select claim_id, doc, amount, 
               policyholder_name from claim_data where claim_id = #{jobParameters['claim_id']}" />

		<property name="rowMapper">
			<bean class="com.cts.hc.models.Claim" />
		</property>

	</bean>

	<bean id="pageingItemReader"
		class="org.springframework.batch.item.database.JdbcPagingItemReader"
		scope="step">

		<property name="dataSource" ref="dataSource" />

		<property name="queryProvider">
			<bean
				class="org.springframework.batch.item.database.support.SqlPagingQueryProviderFactoryBean">
				<property name="dataSource" ref="dataSource" />
				<property name="selectClause"
					value="select claim_id, doc, amount, policyholder_name" />
				<property name="fromClause" value="from claim_data" />
				<property name="whereClause" value="where claim_id=:claim_id" />
				<property name="sortKey" value="claim_id" />
			</bean>
		</property>
		<property name="parameterValues">
			<map>
				<entry key="claim_id" value="#{jobParameters['claim_id']}" />
			</map>
		</property>
		<property name="pageSize" value="10" />
		<property name="rowMapper">
			<bean class="com.cts.hc.mapper.ClaimRowMapper" />
		</property>
	</bean>

	<bean id="itemWriter" class="org.springframework.batch.item.xml.StaxEventItemWriter">
		<property name="resource" value="file:xml/outputs/products_new.xml" />
		<property name="marshaller" ref="userUnmarshaller" />
		<property name="rootTagName" value="users" />
	</bean>

	<bean id="xmlItemReader" class="org.springframework.batch.item.xml.StaxEventItemReader">
		<property name="fragmentRootElementName" value="claim" />
		<property name="resource" value="claim.xml" />
		<property name="userUnmarshaller" ref="customUnMarshaller" />
	</bean>
	<!-- <bean id="userUnmarshaller" class="org.springframework.oxm.xstream.XStreamMarshaller">
		<property name="aliases">
			<util:map id="aliases">
				<entry key="Claim" value="com.cts.hc.models.Claim" />
			</util:map>
		</property>
	</bean> -->
	<bean id="customUnMarshaller" class="org.springframework.oxm.xstream.XStreamMarshaller">
		<property name="aliases">
			<util:map id="aliases">
				<entry key="claim" value="com.cts.hc.models.Claim" />
			</util:map>
		</property>
	</bean>

	<!-- csv file writer -->
	<bean id="flatFileItemWriter" class="org.springframework.batch.item.file.FlatFileItemWriter">
		<property name="resource" value="file:csv/outputs/products.all.csv" />
		<property name="appendAllowed" value="true" />
		<property name="lineAggregator">
			<bean
				class="org.springframework.batch.item.file.transform.DelimitedLineAggregator">
				<property name="delimiter" value="," />
				<property name="fieldExtractor">
					<bean
						class="org.springframework.batch.item.file.transform.BeanWrapperFieldExtractor">
						<property name="names" value="claimId, doc, amount, policyHolderName" />
					</bean>
				</property>
			</bean>
		</property>
	</bean>
	<bean id="mysqlItemWriter"
		class="org.springframework.batch.item.database.JdbcBatchItemWriter">
		<property name="dataSource" ref="dataSource" />
		<property name="sql">
			<value> 
            <![CDATA[insert into claim_data(claim_id, doc, amount, 
               policyholder_name) 
               values (:claimId, :doc, :amount, :policyHolderName);]]>
			</value>
		</property>

		<property name="itemSqlParameterSourceProvider">
			<bean
				class="org.springframework.batch.item.database.BeanPropertyItemSqlParameterSourceProvider" />
		</property>
	</bean>
</beans>